<?xml version="1.0" encoding="utf-8"?>
<!DOCTYPE hibernate-mapping PUBLIC "-//Hibernate/Hibernate Mapping DTD 3.0//EN"
"http://www.hibernate.org/dtd/hibernate-mapping-3.0.dtd">
<!-- 
    Mapping file autogenerated by MyEclipse Persistence Tools
-->
<hibernate-mapping>
    <class name="model.Drugstock" table="drugstock" catalog="chemical">
        <id name="drugName" type="java.lang.String">
            <column name="drugName" length="20" />
            <generator class="assigned" />
        </id>
        <property name="drugCount" type="java.lang.Double">
            <column name="drugCount" precision="22" scale="0" not-null="true" />
        </property>
        <property name="drugLimit" type="java.lang.Double">
            <column name="drugLimit" precision="22" scale="0" not-null="true" />
        </property>
        <property name="drugLight" type="java.lang.String">
            <column name="drugLight" length="20" not-null="true" />
        </property>
        <property name="drugVolat" type="java.lang.String">
            <column name="drugVolat" length="20" not-null="true" />
        </property>
        <property name="remark" type="java.lang.String">
            <column name="remark" length="20" />
        </property>
        <property name="drugUnitPrice" type="java.lang.Double">
            <column name="drugUnitPrice" precision="22" scale="0" not-null="true" />
        </property>
    </class>
</hibernate-mapping>
