<?xml version="1.0" encoding="utf-8"?>
<!DOCTYPE hibernate-mapping PUBLIC "-//Hibernate/Hibernate Mapping DTD 3.0//EN"
"http://www.hibernate.org/dtd/hibernate-mapping-3.0.dtd">
<!-- 
    Mapping file autogenerated by MyEclipse Persistence Tools
-->
<hibernate-mapping>
    <class name="model.Useregister" table="useregister" catalog="chemical">
        <id name="record" type="java.lang.String">
            <column name="record" length="20" />
            <generator class="assigned" />
        </id>
        <property name="userName" type="java.lang.String">
            <column name="userName" length="20" not-null="true" />
        </property>
        <property name="userNum" type="java.lang.String">
            <column name="userNum" length="20" not-null="true" />
        </property>
        <property name="drugName" type="java.lang.String">
            <column name="drugName" length="20" not-null="true" />
        </property>
        <property name="drugCount" type="java.lang.Double">
            <column name="drugCount" precision="22" scale="0" not-null="true" />
        </property>
        <property name="date" type="java.lang.String">
            <column name="date" length="20" not-null="true" />
        </property>
    </class>
</hibernate-mapping>
